w,s,ntarget,ntogether
,-4.451019506160833,1401,36
tanti,-1.1026476012895827,177,36
no,-4.036949536894152,455,35
militanti,2.402480703220805,36,36
me,-3.9628806050890315,418,27
